id,title,thumbnail,duration,compiled,uploaded,file
yjlenk,To the men who put that they are conservatives in their dating profile ,C:\src\ttsvibelounge\videos\yjlenk_To_the_men_who_put_that_they_are_conservatives_in_\thumbnail_0.png,602.6200000000001,True,True,
yjjz2h,I wish social media never existed.,C:\src\ttsvibelounge\videos\yjjz2h_I_wish_social_media_never_existed\thumbnail_0.png,600.14,True,True,
ym1lxv,"Reddit, what's your most  I'm with the Boomers on this  opinion?",/__w/ttsvibelounge/ttsvibelounge/videos/ym1lxv_Reddit_whats_your_most_Im_with_the_Boomers_on_this/thumbnail_0.png,600.83,False,True,videos/ym1lxv_Reddit_whats_your_most_Im_with_the_Boomers_on_this/final.mp4
ym768x,"What sucks, has sucked, and always will suck?",/__w/ttsvibelounge/ttsvibelounge/videos/ym768x_What_sucks_has_sucked_and_always_will_suck/thumbnail_0.png,396.6999999999999,False,True,videos/ym768x_What_sucks_has_sucked_and_always_will_suck/final.mp4
ymcvkj,I don't like  üëç  as a response to emails and messages. It feels passive aggressive to me.,/__w/ttsvibelounge/ttsvibelounge/videos/ymcvkj_I_dont_like__as_a_response_to_emails_and_messages_/thumbnail_0.png,604.1099999999999,False,True,videos/ymcvkj_I_dont_like__as_a_response_to_emails_and_messages_/final.mp4
ymnqkg,"What is awesome, has always been awesome, and will forever be awesome?",/__w/ttsvibelounge/ttsvibelounge/videos/ymnqkg_What_is_awesome_has_always_been_awesome_and_will_f/thumbnail_0.png,501.84,False,True,videos/ymnqkg_What_is_awesome_has_always_been_awesome_and_will_f/final.mp4
yn5u3w,What are you fucking sick of?,/__w/ttsvibelounge/ttsvibelounge/videos/yn5u3w_What_are_you_fucking_sick_of/thumbnail_0.png,605.57,False,True,videos/yn5u3w_What_are_you_fucking_sick_of/final.mp4
yn5u3w,What are you fucking sick of?,/__w/ttsvibelounge/ttsvibelounge/videos/yn5u3w_What_are_you_fucking_sick_of/thumbnail_0.png,604.3399999999997,False,False,videos/yn5u3w_What_are_you_fucking_sick_of/final.mp4
yn75h0,What's a movie that can be identified by one quote?,/__w/ttsvibelounge/ttsvibelounge/videos/yn75h0_Whats_a_movie_that_can_be_identified_by_one_quote/thumbnail_0.png,402.97000000000014,False,True,videos/yn75h0_Whats_a_movie_that_can_be_identified_by_one_quote/final.mp4
yn75h0,What's a movie that can be identified by one quote?,/__w/ttsvibelounge/ttsvibelounge/videos/yn75h0_Whats_a_movie_that_can_be_identified_by_one_quote/thumbnail_0.png,387.89,False,False,videos/yn75h0_Whats_a_movie_that_can_be_identified_by_one_quote/final.mp4
ynlreq,"You're Elon Musk, you just bought Reddit. How do you drive it to the ground?",/__w/ttsvibelounge/ttsvibelounge/videos/ynlreq_Youre_Elon_Musk_you_just_bought_Reddit_How_do_you_/thumbnail_0.png,322.63000000000005,False,True,videos/ynlreq_Youre_Elon_Musk_you_just_bought_Reddit_How_do_you_/final.mp4
ynwdp1,What crime are you okay with people committing?,/__w/ttsvibelounge/ttsvibelounge/videos/ynwdp1_What_crime_are_you_okay_with_people_committing/thumbnail_0.png,551.2,False,True,videos/ynwdp1_What_crime_are_you_okay_with_people_committing/final.mp4
yo3u9v,Should i let this girl know the real reason why i don't want to date her,/__w/ttsvibelounge/ttsvibelounge/videos/yo3u9v_Should_i_let_this_girl_know_the_real_reason_why_i_/thumbnail_0.png,608.25,False,True,videos/yo3u9v_Should_i_let_this_girl_know_the_real_reason_why_i_/final.mp4
yo3u9v,Should i let this girl know the real reason why i don't want to date her,/__w/ttsvibelounge/ttsvibelounge/videos/yo3u9v_Should_i_let_this_girl_know_the_real_reason_why_i_/thumbnail_0.png,600.1400000000001,False,False,videos/yo3u9v_Should_i_let_this_girl_know_the_real_reason_why_i_/final.mp4
yoisia,What should be illegal to put ketchup on?,/__w/ttsvibelounge/ttsvibelounge/videos/yoisia_What_should_be_illegal_to_put_ketchup_on/thumbnail_0.png,382.33,False,True,videos/yoisia_What_should_be_illegal_to_put_ketchup_on/final.mp4
yostd4,People DESPERATELY need to re learn how to have nuanced opinions.,/__w/ttsvibelounge/ttsvibelounge/videos/yostd4_People_DESPERATELY_need_to_relearn_how_to_have_nua/thumbnail_0.png,599.6499999999997,False,True,videos/yostd4_People_DESPERATELY_need_to_relearn_how_to_have_nua/final.mp4
yp1hys,What  joke  with your SO landed you in the  dog house ?,/__w/ttsvibelounge/ttsvibelounge/videos/yp1hys_What_joke_with_your_SO_landed_you_in_the_dog_house/thumbnail_0.png,584.8300000000003,False,true,videos/yp1hys_What_joke_with_your_SO_landed_you_in_the_dog_house/final.mp4
